sample_index,rating,recommended_ind,department,sentiment,issue_category,intent,urgency,recommended_action
0,1,0,Dresses,Negative,Style & Design,Recommendation,Low,Add photos of the dress on curvier models and update the product description to warn about the side-panel effect; review stripe placement for future design adjustments.
1,1,0,Bottoms,Negative,Product Quality,Recommendation,Medium,"Initiate a quality review of the denim blend (test for pilling), identify affected batches, and offer refunds/exchanges to customers who purchased this style."
2,1,0,Tops,Negative,Product Quality,Complaint,Medium,Offer a full refund or replacement and escalate to quality team to investigate shrinkage and verify care-label accuracy.
3,1,0,Dresses,Negative,Fit & Sizing,Complaint,Medium,"Offer a size exchange or refund, advise customer on sizing, and flag the dress for a pattern/fit review and update the product description with fit notes."
4,1,0,Bottoms,Negative,Fit & Sizing,Complaint,Medium,"Update product listing with clear fit notes and size guidance for curvier figures, add photos on hourglass/size-12 models, and assess adjusting the cut to better accommodate hips."
5,1,0,Dresses,Negative,Product Quality,Return,Medium,"Investigate fabric opacity for this style, update product photos/descriptions to note sheerness or relabel as a cover-up, and review quality control for the batch."
6,1,0,Dresses,Negative,Fit & Sizing,Complaint,Medium,"Investigate and correct sizing (item appears to run small), update size chart/fit notes on the product page, and refresh photos or materials info so the beaded neckline appearance is represented accurately."
7,1,0,Bottoms,Negative,Product Quality,Return,Medium,Process a return/refund or replacement; inspect the production lot for dyefastness issues and update QC and care instructions.
8,1,0,Bottoms,Negative,Product Quality,Complaint,Medium,"Offer the customer a full refund or replacement, request photos and order details, and escalate the batch to Quality Control to investigate a possible dye/finish defect."
9,1,0,Dresses,Negative,Fit & Sizing,Complaint,Medium,Investigate and adjust the internal slip sizing/attachment; update the product page with clear fit measurements and guidance (and consider offering a removable or larger lining).
10,1,0,Dresses,Negative,Style & Design,Complaint,Medium,"Investigate fabric and cut; consider redesigning to add shaping or improve material, update photos/descriptions to reflect true fit, and offer return/exchange to dissatisfied customers."
11,1,0,Tops,Negative,Fit & Sizing,Complaint,Medium,Update product photos and description to highlight the top's full/maternity-like silhouette and add fit notes (measurements/model info) so customers know the expected shape.
12,1,0,Dresses,Negative,Product Quality,Return,Medium,Authorize return/refund and send the returned dress to quality control to inspect button materials and buttonhole/weave construction; consider design/material changes if defect confirmed.
13,1,0,Intimate,Negative,Product Quality,Complaint,Medium,"Investigate fabric opacity for this style/batch, update product description/photos to disclose sheerness, and offer refunds or exchanges to affected customers."
14,1,0,Dresses,Negative,Fit & Sizing,Return,Medium,Update product photos and description to reflect thinner fabric and vintage style; review XL measurements/fit and adjust size chart or pattern as needed.
15,1,0,Dresses,Negative,Fit & Sizing,Complaint,Medium,Add a 'tall' length option and update the product page with model height and exact dress length; consider adding front lining or increased coverage to prevent underwear visibility.
16,1,0,Tops,Negative,Product Quality,Complaint,Medium,"Investigate material/manufacturing defects with the supplier, inspect and remove affected inventory, and proactively offer refunds/exchanges to customers; update product description/care guidance and inform sales associates."
17,1,0,Dresses,Negative,Product Quality,Complaint,Medium,Offer a return or exchange and request a photo; inspect the production batch and tighten QC to prevent sewn sleeve defects.
18,1,0,Tops,Negative,Style & Design,Complaint,Medium,Update product images/descriptions to show the true moss color and escalate to product team to assess fabric weight/structure and consider design or pricing adjustments.
19,1,0,Bottoms,Negative,Fit & Sizing,Complaint,Medium,Offer a return/exchange and refund shipping; update product listing to note these run large and recommend sizing down; investigate sizing consistency with other Pilcro styles.
20,1,0,Jackets,Negative,Product Quality,Complaint,Medium,"Flag this style for a product-quality review (lining, fabric weight) and update the product description to state it is unlined and lightweight; consider adjusting price or adding a lining in future production."
21,1,0,Tops,Negative,Product Quality,Return,Medium,"Update product listing and photos to reflect that the design is printed (not embroidered), and audit supplier/quality to prevent future misrepresentation."
22,1,0,Bottoms,Negative,Product Quality,Complaint,Medium,"Investigate recent material and construction changes for this style (denim weight and cut), consider reverting to the original fabric or adjusting the cut, and offer affected customers refunds/exchanges."
23,1,0,Dresses,Negative,Product Quality,Complaint,Medium,Contact the customer to offer a refund or replacement and escalate to product-quality team to inspect crocheted seams and correct lining color discrepancy.
24,1,0,Tops,Negative,Fit & Sizing,Complaint,Medium,Update the product page to warn that the neck and armholes run small and advise customers to size up; flag the style for design review to add a button/keyhole opening at the neck and sleeves.
25,1,0,Tops,Negative,Product Quality,Complaint,Medium,Offer the customer a refund or replacement and escalate to quality control to inspect the fabric batch for snagging/defects.
26,1,0,Tops,Negative,Fit & Sizing,Complaint,Medium,"Flag product as oversized/boxy on the product page, add clear fit guidance to advise sizing down (include measurements and styling photos), and review pattern for excessive volume."
27,1,0,Jackets,Negative,Product Quality,Complaint,Medium,Investigate and correct the fabric/edge finishing causing fraying; offer affected customers an exchange or refund.
28,1,0,Dresses,Negative,Product Quality,Complaint,Medium,"Investigate SKU/batch for poor material and stitching, perform QC on inventory, remove from full-price listing until resolved, and offer refunds/exchanges to affected customers."
29,1,0,Dresses,Negative,Style & Design,Return,Medium,"Redesign the closure—replace fabric-button loops with a side zipper or snaps for easier access, and update product description to note the buttoned closure and dressing difficulty."
30,1,0,Bottoms,Negative,Product Quality,Return,Medium,Offer a full refund or exchange and provide a prepaid return label; ask customer for proof of purchase and escalate the pair to quality control for inspection.
31,1,0,Tops,Negative,Fit & Sizing,Complaint,Medium,Audit and correct sizing/grading (especially V-neck depth) and review lace trim quality; update product photos/description to set correct expectations.
32,1,0,Dresses,Negative,Fit & Sizing,Complaint,Medium,Offer the customer a return or exchange and update the product description/photos to clearly show the camisole's cut and how it fits under the A-line dress.
33,1,0,Tops,Negative,Product Quality,Complaint,Medium,Update the product page to prominently state the dry-clean-only care requirement and consider offering or flagging a washable alternative.
34,1,0,Tops,Negative,Product Quality,Complaint,Medium,Inspect supplier/batch for quality issues and update product photos/description to clearly show the transparent shoulder and true length; offer return/refund if needed.
35,1,0,Dresses,Negative,Fit & Sizing,Complaint,Medium,"Investigate and adjust the dress's armhole and overall fit; update the product page with clear fit notes and model measurements, and consider a redesign or alternative cut to improve mobility."
36,1,0,Tops,Negative,Fit & Sizing,Return,Medium,"Process the return/refund promptly, log this shrinkage report for quality review, and update product page and care instructions to warn customers about shrinkage/dry-clean requirements."
37,1,0,Dresses,Negative,Style & Design,Complaint,Medium,Send to design team to rework bib pleats and reduce shoulder width; update product images and fit notes to manage customer expectations.
38,1,0,Tops,Negative,Fit & Sizing,Return,Medium,Process the return and update the product page to note the shirt runs large (advise customers to size down); review sizing with the supplier.
39,1,0,Bottoms,Negative,Product Quality,Complaint,Medium,"Inspect inventory of the green and blue pants for stitching defects, remove or repair affected items, address the issue with the supplier/manufacturer, and ensure staff can offer replacements or discounts to impacted customers."
40,1,0,Bottoms,Negative,Fit & Sizing,Complaint,Medium,"Correct the product page to list the accurate inseam (28"") and remove 'petite' labeling; notify inventory/QA to audit similar listings and reach out to affected customers with return support/apology."
41,1,0,Intimate,Negative,Fit & Sizing,Complaint,Medium,Offer exchange for a larger band size or alternative style; update product description to note that the band runs small and may be tight.
42,1,0,Trend,Negative,Fit & Sizing,Complaint,Medium,"Offer a return/exchange and refund; investigate and correct the product listing (photos, stated rise and fit), and audit the SKU sizing to ensure it matches marketed measurements."
43,1,1,Tops,Positive,Style & Design,Praise,Low,Update product description to note the oversized fit (suggest sizing down) and highlight the top's unique style and quality.
44,1,0,Dresses,Negative,Style & Design,Complaint,Low,Contact the customer for details/photos and offer a return or exchange; review product images/descriptions for accuracy.
45,1,0,Tops,Negative,Style & Design,Complaint,Medium,Verify and update product images/descriptions to reflect the true back design; contact customer with an apology and offer return/refund or exchange.
46,1,0,Tops,Negative,Style & Design,Complaint,Medium,Offer return/refund and flag the item for immediate design and fit review; update product images/description and sizing guidance.
47,1,0,Tops,Negative,Product Quality,Return,Medium,Authorize a return/refund and provide a prepaid return label; inspect the product batch for dye transfer issues and hold similar SKU inventory pending quality check.
48,1,0,Dresses,Negative,Product Quality,Complaint,Medium,Apologize and offer an immediate full refund or expedited replacement; escalate to quality control to inspect/button‑reinforce this production batch.
49,1,0,Tops,Negative,Fit & Sizing,Return,Medium,Process the return and update the product page to note that the item runs short and boxy—add garment length and model measurements and suggest alternative styles for short-waisted customers.
50,1,0,Tops,Negative,Product Quality,Return,Medium,Process the return/refund promptly and update the product page/photos and description to clearly disclose that the blouse is sheer.
51,1,0,Bottoms,Negative,Product Quality,Complaint,Medium,"Inspect returned items for dye/discoloration and construction defects, issue refund/exchange, and perform a QC review of the batch; update care instructions if needed."
52,1,0,Dresses,Negative,Fit & Sizing,Complaint,Medium,"Flag this style for immediate fit review (check sample/pattern and grading), update size chart and product images to show true oversized fit, and have customer service offer easy returns/exchanges."
53,1,0,Bottoms,Negative,Product Quality,Return,Medium,Process the return/refund and inspect the returned skirt for material/construction defects; update product images/descriptions and review supplier/material quality if issues are confirmed.
54,1,0,Tops,Negative,Style & Design,Complaint,Low,Update product images and description to show the poncho on diverse body types and include detail shots of drape/fit to set accurate expectations.
55,1,1,Jackets,Positive,Fit & Sizing,Praise,Low,Add a product page note recommending customers order one size up for a loose fit and update the size guide.
56,1,0,Bottoms,Negative,Product Quality,Complaint,Medium,"Contact customer to offer refund or replacement, accept return, and inspect the batch/lot for quality defects with supplier."
57,1,0,Intimate,Negative,Fit & Sizing,Complaint,Medium,"Flag this style for fit review—inspect shoulder/underarm pattern and sleeve length grading, update sizing guidance (recommend sizing up), and offer the customer an exchange or return."
58,1,0,Tops,Negative,Fit & Sizing,Complaint,Medium,"Investigate and adjust the sweater's pattern/grade for the top half (armhole and neckline), update product fit notes and measurements on the page, and offer the customer an exchange or return."
59,1,0,Dresses,Negative,Fit & Sizing,Return,Medium,Flag this style for product/quality review to address waist boning construction (reduce/remove boning to prevent poofing) and update online photos/descriptions to accurately show material and internal structure.
60,1,0,Tops,Negative,Product Quality,Complaint,Medium,"Inspect and correct neckline seam finishing for this style, quarantine affected inventory, and offer customers a return/refund or replacement."
61,1,0,Tops,Neutral,Product Quality,Complaint,Medium,"Investigate the peach-color batch for manufacturing defects, pull affected inventory for QA, and offer exchanges/refunds to impacted customers."
62,1,0,Tops,Negative,Fit & Sizing,Return,Medium,Authorize return/refund and initiate a QC check for sizing inconsistencies on this style; update size guidance if needed.
63,1,0,Dresses,Negative,Product Quality,Return,Medium,"Approve return/refund, send item details/photos to quality control and supplier to investigate color mismatch and seam construction, and review listing/specs for accuracy."
64,1,0,Dresses,Negative,Fit & Sizing,Complaint,Medium,Offer customer a refund or exchange and escalate the item to the product/design team to review sizing/pattern and update size guidance.
65,1,0,Intimate,Negative,Fit & Sizing,Complaint,Medium,Offer customer return/exchange and size guidance; update product page with fit notes and review sizing/grading for petite customers.
66,1,0,Dresses,Negative,Product Quality,Return,Medium,"Audit and correct the product listing and supplier info for this SKU, inspect inventory for mislabeling, and confirm refunds/returns were completed."
67,1,0,Dresses,Negative,Fit & Sizing,Return,Medium,Process the return and update the product listing to clearly describe/show chest coverage and wrap closure; consider adding an inner snap/tie or sizing guidance for better fit.
68,1,0,Dresses,Negative,Style & Design,Complaint,Medium,Offer the customer a full refund/return and audit/update the product images and color and fit descriptions to accurately reflect the item.
69,1,0,Bottoms,Negative,Fit & Sizing,Complaint,Medium,"Investigate and adjust the skirt's pattern (waist-to-hip ratio and excessive tier flare), review fabric quality for clinginess, update fit notes on the product page, and offer the customer a return/exchange."
70,1,0,Dresses,Negative,Fit & Sizing,Complaint,Medium,Update product page with accurate length and fit measurements and model body-type photos; review/flag the neckline clasp for comfort and offer the customer an easy return/exchange.
71,1,0,Dresses,Negative,Fit & Sizing,Complaint,Medium,"Review pattern grading for hips/shoulders on this style, add detailed fit measurements and sizing guidance to the product page, and flag fabric stiffness for possible softer material or a note in the description."
72,1,0,Intimate,Negative,Product Quality,Complaint,Medium,"Initiate QA review of fabric thickness and elastic quality, update product description for transparency, and offer affected customers a refund or replacement."
73,1,0,Tops,Negative,Product Quality,Return,Medium,"Process the return/refund, inspect the returned batch for fabric quality issues, and review supplier/quality-control for this silk item."
74,1,0,Bottoms,Negative,Fit & Sizing,Complaint,Medium,"Investigate fabric/stretch inconsistency causing poor fit, compare this print's material to other batches, update product listing with sizing guidance (note tendency to stretch), and offer affected customers exchanges or returns."
75,1,0,Bottoms,Negative,Product Quality,Complaint,High,Contact the customer to apologize and offer a full refund/return; launch an immediate quality check on the side-zipper design and inspect/remove affected inventory.
76,1,0,Bottoms,Negative,Product Quality,Complaint,Medium,"Investigate recent manufacturing/supplier changes and chemical finishing for Stevie Ankle jeans; run QC on affected batches, stop/use alternative treatment if confirmed, and contact the customer to apologize and offer refund or replacement."
77,1,0,Intimate,Negative,Fit & Sizing,Complaint,Medium,"Flag this style for a fit review (pattern and proportions), update product description with clearer fit/measurements and model guidance for petite/curvy customers, and proactively offer the customer an exchange or refund."
78,1,0,Dresses,Negative,Fit & Sizing,Complaint,Medium,"Investigate petite fit (adjust grading/fit for petites), and review lining choice or update product photos/descriptions to show actual lining color and fit on petite models."
79,1,0,Intimate,Negative,Fit & Sizing,Complaint,Medium,"Update product page with exact garment length and fit guidance (note it runs wide and suggest sizing down); send feedback to design team to consider a longer-length version (≈+6"") or pattern adjustments."
80,1,0,Tops,Negative,Fit & Sizing,Complaint,Medium,Offer the customer a full refund/return and open a quality check on this style's pattern and wash stability (investigate cut and post-wash distortion).
81,1,0,Bottoms,Negative,Product Quality,Complaint,Medium,"Offer a full refund or replacement, request photos and order/lot details, provide prepaid return label, and escalate to quality control to investigate colorfastness."
82,1,0,Tops,Negative,Fit & Sizing,Complaint,Medium,Offer the customer a return or exchange and inspect the production batch for misaligned center seams/front slit to correct pattern placement in manufacturing.
83,1,0,Dresses,Negative,Style & Design,Return,Medium,Update product photos/descriptions to better show the dress silhouette and add body-type fit notes; flag for design review to address the tent-like empire waist.
84,1,0,Tops,Negative,Fit & Sizing,Complaint,Medium,Offer the customer a return/refund or exchange and update the product listing to display accurate garment length measurements and clearer model images (include model heights).
85,1,0,Tops,Negative,Product Quality,Complaint,Medium,Offer the customer an exchange or refund and inspect remaining inventory of this style for similar defects; review quality checks in fulfillment.
86,1,0,Tops,Negative,Fit & Sizing,Complaint,Medium,Offer a return/exchange and request photos; escalate to design/quality team to investigate back fit or possible defect.
87,1,0,Bottoms,Negative,Product Quality,Complaint,Medium,Offer the customer a refund or replacement and initiate a quality review of the batch/fabric (inspect crotch area durability and supplier materials).
88,1,0,Tops,Negative,Fit & Sizing,Complaint,Medium,"Add clear fit notes on the product page (boxy cut, may gape at bust), include exact garment measurements and suggested body types (better for tall/slim), and provide styling or alteration guidance."
89,1,0,Dresses,Negative,Fit & Sizing,Complaint,Medium,Mark product as running large and add exact length measurements and a note recommending petite customers size down or consider alterations; offer exchange options to the reviewer.
90,1,0,Tops,Negative,Style & Design,Return,Medium,Approve the return and update product imagery/description to accurately reflect the yellow tone and base tee color.
91,1,0,Intimate,Negative,Fit & Sizing,Complaint,Medium,Update product description to warn limited cup coverage and poor long-torso fit; review halter/pattern for improved lift and consider extended cup sizing options.
92,1,0,Tops,Negative,Fit & Sizing,Complaint,Medium,"Review listing photos and measurements, update description to reflect true fit, and offer customer a return/exchange."
93,1,0,Dresses,Negative,Product Quality,Return,Medium,"Audit QC for this style: review fabric choice and supplier, correct back-zip installation and seam/hem alignment, inspect recent inventory batch, and ensure customer refund/apology issued."
94,1,0,Dresses,Negative,Fit & Sizing,Complaint,Medium,Offer customer a return/exchange and flag the item for product team review of slip length and overall fit; update product description and photos to better show true length and silhouette.
95,1,0,Tops,Negative,Style & Design,Return,Low,Update product images and description to show the true silhouette (include non-maternity model shots) and note if the cut appears maternity-style so customers can judge fit.
96,1,0,Bottoms,Negative,Fit & Sizing,Complaint,Medium,Have product team test the jumper's zipper placement and crotch length across sizes; update product fit notes and in-store fitting guidance so customers can try it on easily.
97,1,0,Dresses,Negative,Price & Value,Return,Medium,Process the return; inspect the item for thin fabric/no lining and update the product listing to disclose it is unlined and sheer (or consider pricing/constructive changes).
98,1,0,Dresses,Negative,Fit & Sizing,Complaint,Medium,Investigate and adjust size grading for this dress; add detailed bust/hip/waist measurements and clear fit notes on the product page to help customers choose the correct size.
99,1,0,Dresses,Negative,Product Quality,Return,Medium,Process the return; update product page to state the dress is unlined and review material/price or source higher-quality fabric.
100,2,0,Tops,Negative,Fit & Sizing,Complaint,Medium,Send to product team to revise pattern (reduce boxiness and modify/reposition side slits and hood attachment) and update product description; consider offering return/exchange guidance to the customer.
101,2,0,Dresses,Negative,Fit & Sizing,Complaint,Medium,Offer customer return/exchange and escalate to product/design team to review shoulder fit and actual length; update product photos and description to better reflect fabric and fit.
102,2,0,Tops,Negative,Fit & Sizing,Complaint,Medium,Flag for design review to adjust the bust shaping (add darts/tailored cut) and update the product description to warn it runs roomy for busty customers.
103,2,0,Intimate,Neutral,Style & Design,General Feedback,Low,Update product description to note the lace is sheer and suggest styling (camisole or full-coverage bra); consider offering a lined version or providing clearer photos showing transparency.
104,2,0,Tops,Negative,Fit & Sizing,Complaint,Medium,Revise the product listing to note that ruching can create perceived bulk and add on-model photos with measurements to show fit on different body types.
105,2,0,Dresses,Negative,Fit & Sizing,Complaint,Medium,Add prominent fit notes on the product page warning that the knit/print junction can hit at the bust and mid-biceps (unflattering for bustier figures); include model measurements and styling/alteration tips. Flag to design team to lower the knit seam and extend sleeve knit in the next production revision.
106,2,0,Tops,Negative,Fit & Sizing,Return,Medium,Approve the return; inspect the batch for front stretching and update the product description to note actual cropped length and model height guidance.
107,2,0,Intimate,Negative,Fit & Sizing,Return,Medium,Offer refund/exchange and update the product page to state limited support for D+ cup sizes; evaluate adding reinforced support for larger busts in future production.
108,2,0,Dresses,Negative,Fit & Sizing,Complaint,Medium,"Investigate the dress's fit and update the product page: add exact garment measurements, model height/size, and a note that the cut runs loose/boxy; consider updating photos and adding size guidance or alternate recommended styles."
109,2,1,Bottoms,Negative,Fit & Sizing,Return,Medium,"Process the return and update product photos/descriptions with accurate rise, length, and color plus fit notes (include measurements) to prevent future mismatches."
110,2,0,Dresses,Negative,Fit & Sizing,Complaint,Medium,Offer a hassle-free return/exchange and send the customer's fit and ruffle feedback to the product team to update fit notes on the product page.
111,2,0,Bottoms,Negative,Style & Design,Return,Medium,"Update product description and photos to show fit on petite models and clearly disclose the body-hugging, leggings-like silhouette; consider offering a less form-fitting cut or alternative."
112,2,0,Tops,Negative,Fit & Sizing,Complaint,Medium,Add clear garment measurements and fit notes (length and boxy cut) to the product page and consider offering/labeling alternate fits or length options.
113,2,0,Dresses,Negative,Product Quality,Return,Medium,Authorize full refund or replacement and cover return shipping; inspect the batch for dye bleeding and update care instructions to 'Dry Clean Only' if needed.
114,2,0,Trend,Negative,Fit & Sizing,Complaint,Medium,"Add a clear fit note that the jumpsuit runs very roomy on smaller/petite frames, display model measurements, provide styling/alteration tips, and consider offering a petite option or updated size guidance."
115,2,0,Tops,Negative,Fit & Sizing,Return,Medium,Update the product page to clearly label this as a flowing/relaxed silhouette and add fit photos and model measurements (including shorter/busty models) to set expectations.
116,2,0,Tops,Negative,Fit & Sizing,Return,Medium,"Process the return; update the product page to clearly label the top as a 'boxy' fit, add model measurements and detailed fit guidance, and flag the item for a fit review with the design team."
117,2,0,Dresses,Negative,Fit & Sizing,Complaint,Medium,Offer the customer a return/exchange and escalate to the product team to evaluate/remove the partially sewn-in slip and update the product description with slip details.
118,2,0,Tops,Negative,Product Quality,Complaint,Medium,Investigate and improve fabric weight/opacity and back-band construction; update product description to note off-white shade and level of sheerness.
119,2,0,Dresses,Negative,Fit & Sizing,Return,Medium,Initiate a fit review to lower the empire waist placement for petite/bust sizes and update the product description to warn that the waist runs high for fuller busts.
120,2,0,Dresses,Negative,Product Quality,Complaint,Medium,Offer refund/exchange to the customer; investigate fabric weight and construction for this style and update product page to clearly describe drape and sleeve width.
121,2,0,Jackets,Negative,Product Quality,Return,Medium,"Authorize the return and refund, inspect the returned item and related batch for sewing/thread defects, and notify the supplier to correct stitching quality."
122,2,0,Dresses,Negative,Product Quality,Complaint,Medium,Apologize and offer a full refund or replacement; audit and strengthen return-inspection process and retrain staff to check/clean items (remove hair/stains) before restocking or shipping.
123,2,0,Tops,Negative,Product Quality,Return,Medium,"Contact the customer to offer a pre-paid return or exchange/refund, request photos of the pilling and seam snag, and escalate the issue to quality control/supplier for investigation."
124,2,0,Bottoms,Negative,Style & Design,Complaint,Medium,Update product images/descriptions to reflect true colors and materials; evaluate adding lining or different fabric to prevent visible panty lines and offer affected customers a return/exchange.
125,2,0,Dresses,Negative,Fit & Sizing,Return,Medium,Adjust the sleeve cuff pattern for petite XXS to increase the forearm opening and add forearm measurements to the product size chart.
126,2,1,Tops,Negative,Fit & Sizing,Complaint,Low,Add exact garment length and model height to the product page and flag as tunic/long fit in the description.
127,2,1,Bottoms,Negative,Fit & Sizing,Complaint,Medium,Review and widen the pant leg and adjust the hook-closure fit; update the size chart with calf measurements and offer the customer a return/exchange.
128,2,0,Jackets,Negative,Style & Design,Complaint,Medium,Flag product for design review and update listing photos/fit notes to reflect bulkiness; ensure returns/exchanges are clearly offered.
129,2,0,Dresses,Negative,Fit & Sizing,Return,Medium,Review and adjust the armhole/upper-bodice pattern for this style and add clear fit notes and detailed measurements to the product page.
130,2,0,Dresses,Negative,Fit & Sizing,Return,Medium,Review and adjust the pattern to raise the V-neck depth and armhole cut; update the product description with clear neckline/armhole measurements and fit notes to prevent future returns.
131,2,0,Tops,Negative,Fit & Sizing,Complaint,Medium,"Flag style for a fit review and update product page: note boxy midsection, narrow hem, and raised neckline for short-neck customers; add model height/measurements and specific sizing guidance (suggest trying a different size or fit)."
132,2,0,Tops,Negative,Fit & Sizing,Complaint,Medium,Offer a return/exchange or refund; ask for a photo to confirm mismatch; audit the product listing and inventory for incorrect color images or mislabeling and update photos/descriptions.
133,2,0,Bottoms,Negative,Product Quality,Complaint,Medium,Investigate recent fabric/material or construction changes for this style and run durability/stretch testing; consider reverting to previous fabric or adjusting construction and offer affected customers an exchange or refund.
134,2,0,Bottoms,Negative,Product Quality,Complaint,Medium,"Investigate dye-fastness for the red SKU/batch, perform QC checks, offer a refund/replacement to the customer, and update the product page with dye-transfer warnings and care instructions."
135,2,0,Bottoms,Negative,Fit & Sizing,Complaint,Medium,Contact the customer to offer a return/exchange for a smaller size and update the product listing to note that the fabric stretches and may run large.
136,2,0,Tops,Negative,Fit & Sizing,Complaint,Medium,"Offer refund or exchange; flag this style for a fit and fabric-quality review and update product description with clearer fit notes (e.g., boxy) and material comparison."
137,2,0,Bottoms,Negative,Style & Design,Return,Medium,Update the product listing to clearly note the back-tie closure and evaluate a design change (add zipper/snaps or front opening) so customers can dress/undress and use the restroom independently.
138,2,0,Trend,Negative,Product Quality,Complaint,Medium,Offer a refund or replacement to the customer and escalate to quality/supplier teams to investigate and prevent gasoline contamination; provide guidance for odor removal if customer prefers to keep item.
139,2,0,Tops,Negative,Style & Design,Complaint,Medium,"Update the product page to call out the sweater's wide sleeves and slimmer/longer torso with exact measurements and fit photos, and flag the style for design review based on customer feedback."
140,2,0,Tops,Neutral,Product Quality,Complaint,Medium,Update the product description to note the fabric is sheer (recommend wearing a cami) and add a size-note advising customers to consider sizing up; evaluate adding a lining for future batches.
141,2,0,Tops,Negative,Fit & Sizing,Complaint,Medium,"Label the listing as 'oversized', add exact garment measurements and a fit note (no shape/boxy), and prompt customer-facing return/exchange instructions."
142,2,0,Dresses,Negative,Fit & Sizing,Complaint,Medium,Offer customer an exchange/return and forward fit feedback to merchandising to review sizing and update the product description to note the oversized/loose fit.
143,2,0,Dresses,Negative,Product Quality,Complaint,Medium,Apologize and offer a full refund or free replacement (or notify when the larger size restocks); provide a prepaid return label; escalate to quality control to inspect bow attachment and correct product images regarding pockets.
144,2,0,Tops,Negative,Style & Design,Return,Medium,Process the return/refund and flag the style for product review; update product photos and description to more accurately show the drape and finish.
145,2,0,Tops,Negative,Fit & Sizing,Complaint,Medium,Conduct a fit review for this SKU focusing on neck and arm measurements; adjust pattern or update the size guide and offer exchanges/returns to affected customers.
146,2,0,Jackets,Negative,Fit & Sizing,Complaint,Medium,"Flag to product/design team to re-evaluate grading for this blazer (produce true-to-size samples), update size chart and add clear fit notes on the product page."
147,2,0,Dresses,Negative,Style & Design,Complaint,Medium,"Investigate discrepancy between listing photos and shipped item, update images/descriptions, verify supplier/manufacturing, and offer the customer a return/exchange and refund or apology."
148,2,0,Tops,Negative,Fit & Sizing,Complaint,Medium,"Send feedback to design: reduce excess volume (taper sides) and add ~2"" to length for this blouse; update product description with fit notes for busty customers and consider offering a more tailored fit option."
149,2,0,Dresses,Negative,Fit & Sizing,Return,Medium,Add detailed measurements and petite fit notes to the product page and flag the dress for a fit review for shorter/petite customers.
150,2,0,Tops,Neutral,Fit & Sizing,Complaint,Medium,"Update product listing to specify both front and back lengths and model height, add a fit note about the underbust band placement, and offer the customer an exchange or return assistance."
151,2,0,Dresses,Negative,Fit & Sizing,Complaint,Medium,"Investigate and correct bust fit for sizes above C (adjust pattern or add clear fit guidance), inspect inventory for color/finish/wrinkle issues and update product images; offer refund or exchange to the customer."
152,2,0,Dresses,Negative,Fit & Sizing,Return,Medium,"Confirm return/refund completed; flag item for fit review (stiff/boxy on petite frames), update product description to note fit issues for short-waisted customers, and consider offering petite sizing or alteration guidance."
153,2,0,Tops,Negative,Fit & Sizing,Complaint,Medium,Flag to design team to reduce excess fabric in the back (adjust pattern) and update product page with clearer fit guidance including recommendation to size down or try alternate styles.
154,2,0,Bottoms,Negative,Fit & Sizing,Complaint,Medium,Add prominent fit notes and detailed sizing guidance on the product page (highlight the boxy cut and recommended body types) and monitor SKU return rates.
155,2,0,Tops,Negative,Product Quality,Complaint,Medium,"Flag this style for a quality review (fabric thickness/opacity), log the complaint to QC, and contact the customer offering a return/exchange or a partial refund/discount."
156,2,0,Tops,Negative,Product Quality,Complaint,Medium,"Initiate a product quality review for this style (sheerness and fabric feel), update the listing/photos to show transparency and fit, and offer affected customers a return or refund."
157,2,0,Dresses,Negative,Fit & Sizing,Complaint,Medium,Investigate and adjust sizing/pattern; update product page with clearer fit notes and size guidance; review photos/model info.
158,2,0,Tops,Negative,Style & Design,Complaint,Medium,Flag the high tie placement to the design team for revision and update product photos/descriptions to clearly show the high neckline so customers know how it sits.
159,2,0,Tops,Negative,Product Quality,Complaint,Medium,"Run a quality audit on this style/batch to address the thin, snag-prone fabric; consider switching to a more durable material or reinforcing construction, update the product description to flag delicate fabric, and offer affected customers refund/exchange options."
160,2,0,Tops,Negative,Fit & Sizing,Complaint,Medium,Update product description to note the thin tee-shirt fabric and recommend sizing guidance (suggest sizing up); review garment pattern for bust vs. armhole proportions to improve fit.
161,2,0,Bottoms,Negative,Fit & Sizing,Complaint,Medium,Apologize and offer a prepaid return/exchange for the correct size; initiate a sizing audit on this SKU and update size guidance for customers.
162,2,0,Tops,Negative,Fit & Sizing,Complaint,Medium,"Review and adjust the garment's fit (reduce volume through ribs/waist and lengthen front); update online product description with precise measurements and fit notes, and suggest sizing guidance. "
163,2,0,Tops,Negative,Product Quality,Complaint,Medium,Contact the customer to offer a refund or replacement and inspect the production batch for similar defects to improve quality control.
164,2,0,Bottoms,Negative,Fit & Sizing,Complaint,Medium,"Investigate sizing discrepancy (inseam and waistband vs. labeled size), update product page with accurate inseam and fit notes, and offer the customer a return or exchange."
165,2,0,Tops,Neutral,Product Quality,Complaint,Medium,"Review the fabric weight and construction for this style, update the product description to clarify durability/care, and consider sourcing a sturdier fabric or offering a more durable variant."
166,2,0,Tops,Negative,Product Quality,Complaint,Medium,Offer a return/exchange or refund; flag the style for quality control on excessive wrinkling and update the product page with clearer fit notes and care instructions.
167,2,0,Bottoms,Negative,Fit & Sizing,Return,Medium,"Investigate fit and fabric quality: verify product measurements and photos, update size guidance on the product page, inspect the material for quality concerns, and ensure the return/refund was processed."
168,2,0,Dresses,Negative,Fit & Sizing,Complaint,Medium,Update product description to note boxy/relaxed fit and add model measurements/fit guidance; flag style for pattern review by design team.
169,2,0,Tops,Negative,Fit & Sizing,Return,Medium,Add exact garment length (in inches/cm) and model height to the product page so customers can accurately judge length.
170,2,0,Dresses,Negative,Fit & Sizing,Complaint,Medium,Update product description to warn that the item is very form-fitting; add clear size guidance (suggest sizing up) and recommend more forgiving alternatives or review the cut for future runs.
171,2,0,Tops,Negative,Product Quality,Return,Medium,Process the return and inspect the item's batch for knit/material defects; review supplier quality assurance.
172,2,0,Dresses,Negative,Fit & Sizing,Return,Medium,"Audit this style's sizing (measure a sample vs. size chart), update the product listing with accurate fit notes, and expedite a smooth return/exchange for the customer."
173,2,0,Dresses,Negative,Fit & Sizing,Complaint,Medium,"Investigate fit (noting short overall length and short rise), update the product page size guidance and photos to show waist placement/length, and offer the customer an exchange or return/refund."
174,2,0,Dresses,Negative,Product Quality,Complaint,Medium,Offer a full refund or exchange and investigate the missing lining/poor packaging; update the product listing to clarify lining and review sizing guidance.
175,2,0,Intimate,Negative,Fit & Sizing,Complaint,Medium,"Update product page with exact garment measurements and model height, correct photos or note that the top is cropped; review sizing/length and consider relabeling or adjusting the design."
176,2,1,Tops,Negative,Fit & Sizing,Complaint,Low,"Update product page to clearly note fit (longer sleeves, roomier cut) and fabric stiffness; add fit guidance and recommend more form-fitting alternatives."
177,2,0,Dresses,Negative,Fit & Sizing,Return,Medium,Update product page to note this style runs large and recommend ordering one size down; proactively offer the customer an exchange to XS.
178,2,0,Dresses,Negative,Fit & Sizing,Complaint,Medium,"Review and adjust the garment's sizing/pattern (consider petite option), update size chart and product photos to reflect fit, and clarify fabric thickness/durability in the product description."
179,2,0,Jackets,Negative,Style & Design,Complaint,Medium,Apologize and offer a prepaid return or exchange for the correct jacket (or a full refund); investigate shipping/item mix-up and verify product listing matches the item description.
180,2,0,Dresses,Negative,Fit & Sizing,Complaint,Medium,Contact the customer to offer return/exchange and request photos; escalate the garment to QC to inspect waist construction/grading for size S.
181,2,0,Dresses,Negative,Style & Design,Complaint,Medium,Evaluate/adjust the bottom lace tier design or update product photos/descriptions and styling tips to prevent the dress looking 'frumpy' when standing.
182,2,1,Dresses,Negative,Fit & Sizing,Complaint,Medium,"Mark product as running small on the product page (add ‘runs small – size up’ note), update size chart guidance, and review manufacturer grading for this style."
183,2,0,Tops,Negative,Product Quality,Complaint,Medium,"Offer a refund or exchange, update the product page to state 'air dry only', and investigate fabric shrinkage."
184,2,0,Tops,Negative,Fit & Sizing,Return,Medium,Process the return and offer an exchange in a smaller size; update product fit notes to warn about bulky/oversized fit.
185,2,0,Tops,Negative,Style & Design,Return,Low,Update product photos and description to clearly show sheerness and intended styling (office vs. casual) and add layering recommendations; consider offering a lined or less-sheer version.
186,2,0,Dresses,Negative,Fit & Sizing,Return,Medium,"Review and adjust smocking and lining fit in the pattern, update product description/size guidance to set expectations, and ensure returns processed."
187,2,0,Intimate,Negative,Product Quality,Return,Medium,"Investigate production alignment issue for the mint/seaside chevron; perform immediate QC inspection of current inventory, hold affected SKUs from shipping, and correct factory alignment specs."
188,2,0,Tops,Negative,Fit & Sizing,Complaint,Medium,"Investigate and adjust the pattern for length, neckline height and armhole sizing; consider adding a front lining and update product photos and size guidance to reflect true fit."
189,2,0,Intimate,Negative,Fit & Sizing,Complaint,Medium,Review and adjust dress pattern to better accommodate long-torso customers (offer lower or higher waist placement); update product photos and color descriptions/swatches to more accurately represent the secondary color.
190,2,0,Bottoms,Negative,Fit & Sizing,Complaint,Medium,Contact customer to offer return/exchange/refund; flag the listing for review—verify color accuracy of photos and add fit notes about short/top length and recommended size adjustments.
191,2,0,Jackets,Negative,Price & Value,Return,Medium,"Audit the product page: verify/replace misleading photos, correct sizing information, and reassess pricing to better match perceived value."
192,2,0,Bottoms,Negative,Product Quality,Return,Medium,Update product pages to clearly state fabric composition and stretch percentage and label this style as 'high-stretch'; review denim blend for this model and consider offering a lower-stretch alternative.
193,2,0,Tops,Negative,Product Quality,Complaint,Medium,"Investigate fabric snagging risk for this SKU, update product description/care instructions, and offer the customer a partial refund or coupon."
194,2,0,Dresses,Negative,Fit & Sizing,Complaint,Medium,Apologize and offer a return/exchange or refund; update product photos and description to clearly show the pleated top and note how it affects bust/side fit.
195,2,0,Tops,Negative,Fit & Sizing,Return,Medium,"Update product listing to clearly state this is a straight-hang (not swing) tunic, add bust-specific sizing guidance and photos on a model with similar proportions, and monitor return rates for this style."
196,2,0,Dresses,Negative,Fit & Sizing,Return,Medium,Offer exchange for a smaller size and provide a prepaid return label; flag the item as running large for sizing review.
197,2,0,Tops,Negative,Comfort,Complaint,Medium,Investigate fabric for scratchiness and consider switching to a softer material; review the pattern/shape to avoid a boxy silhouette and update the product description to note texture and fit.
198,2,0,Dresses,Negative,Fit & Sizing,Return,Medium,Authorize return and offer exchanges for more fitted styles or sizes; forward feedback to design/merchandising to review petite pattern/fit and update product fit notes.
199,2,0,Bottoms,Negative,Fit & Sizing,Complaint,Medium,"Contact customer to offer a refund or exchange, request order details/photos, and escalate to QA to investigate rapid stretching/fit issues."
200,3,0,Tops,Negative,Product Quality,Return,Medium,"Investigate QC for this style/production lot for improperly sewn hems, pull affected inventory, and expedite refund or replacement for the customer."
201,3,0,Jackets,Negative,Price & Value,Complaint,Medium,Update the product page to clearly state 'hand-wash only' and expected ironing/maintenance time; consider promotional pricing or offering a dry-cleanable/fabric-care-friendly alternative for this coat.
202,3,1,Dresses,Negative,Product Quality,Complaint,Medium,Investigate fabric weight and construction; consider switching to a heavier-weight knit or adding a lining and update the product description to disclose the thin ribbed rayon and body-conscious back fit.
203,3,0,Tops,Negative,Fit & Sizing,Complaint,Medium,Alert design team to revise the petite XXS pattern to reduce boxiness and update the product page with clearer fit guidance and measurements.
204,3,0,Tops,Negative,Fit & Sizing,Return,Medium,"Flag this style for design review to reduce excess fabric at the hem (less swing), add clear fit notes on the product page, and ensure easy return/exchange options for customers."
205,3,1,Dresses,Neutral,Fit & Sizing,General Feedback,Low,"Update product page with clearer fit guidance: note the baby-doll cut runs loose and may widen the silhouette; advise sizing down with a caveat it may emphasize larger busts, add model measurements/photos (including fuller-bust example), and call out the high-contrast black near the face in the description."
206,3,0,Tops,Neutral,Fit & Sizing,Complaint,Medium,Investigate front fit (pattern/length) so the neckline lays flat and the front doesn't ride up; consider adding lining or thicker fabric to reduce transparency and update product page notes about sheerness.
207,3,1,Dresses,Negative,Fit & Sizing,Complaint,Medium,"Update product photos and description to accurately show shoulder puff, skirt volume, and waist placement; inspect and upgrade button hardware."
208,3,0,Tops,Negative,Style & Design,Return,Medium,Process the return promptly and update the product page with truer color photos and close-up images of fabric texture and sequin detail to reduce future mismatches.
209,3,0,Tops,Negative,Comfort,Complaint,Medium,Investigate fabric for itchiness and update product description with fabric feel; review garment fit at waist/backside and sleeve length and adjust pattern or add fit guidance for sizing.
210,3,0,Dresses,Negative,Fit & Sizing,Complaint,Medium,"Update product page with clear fit notes, model measurements and styling tips; flag garment for design review to add shaping and evaluate fabric for static/airiness."
211,3,1,Dresses,Negative,Fit & Sizing,Complaint,Medium,Update product page to note the top runs small across the bust and recommend sizing up; add specific bust measurements and model details to help shoppers choose size.
212,3,0,Intimate,Neutral,Style & Design,Return,Medium,"Improve product imagery and color accuracy (add multiple photos and a clear description of tones), log return reason for this SKU and consider updating listing to reflect muted colors."
213,3,0,Tops,Negative,Product Quality,Complaint,Medium,"Review the fabric for transparency and quality, update the product listing/photos to disclose sheerness, and consider improving the material or adjusting the price (offer refund/discount to affected customers)."
214,3,0,Bottoms,Neutral,Fit & Sizing,Complaint,Medium,"Flag product as running large to product/merchandising team, update size guidance to recommend sizing down on the product page, and offer the customer an exchange or refund."
215,3,0,Tops,Negative,Fit & Sizing,Complaint,Medium,"Update the product page to note that the top runs small across the chest, include accurate fabric and lining details, improve photos, and add a recommendation to size up."
216,3,1,Tops,Negative,Fit & Sizing,Return,Medium,Add a prominent fit note on the product page recommending customers size up 1–2 sizes and include sleeve opening/armhole measurements; ensure retailers stock a mid-size (M) for try-on.
217,3,1,Tops,Neutral,Fit & Sizing,General Feedback,Medium,Add a fit note advising customers to size down for a less blousy fit and review pattern grading to reduce excess fabric in the Small size.
218,3,1,Dresses,Negative,Fit & Sizing,Complaint,Medium,"Audit the product sample vs. listing (photos and measurements), update the size chart and product description to reflect true sleeve/hem length, and offer the customer a return/exchange and sizing guidance."
219,3,1,Tops,Negative,Product Quality,Complaint,Medium,Contact the customer to offer a refund or replacement and escalate this blouse's fabric batch to quality control for dye‑fastness and dry‑clean solvent resistance testing; update care guidance if needed.
220,3,0,Tops,Negative,Fit & Sizing,Complaint,Medium,Offer a full refund or expedited exchange for the correct size and escalate to fulfillment/quality control to inspect for mislabeled child-sized items (request photos if needed).
221,3,1,Dresses,Neutral,Fit & Sizing,General Feedback,Medium,"Update product description to warn that the bust runs small and recommend ordering one size up; prioritize restocking larger sizes (e.g., size 16) to meet demand."
222,3,1,Tops,Negative,Fit & Sizing,Complaint,Medium,Update the product listing to state it runs large and recommend ordering one size down (include sleeve-length measurements) and promote easy exchanges.
223,3,0,Dresses,Negative,Style & Design,Complaint,Medium,"Flag to design/product team to reduce or reposition the side pockets (or offer a pocketless variant), and update product photos/descriptions to show pocket profile."
224,3,1,Tops,Positive,Fit & Sizing,Praise,Low,Update product page to note the item is shorter and has a boxy fit; add model measurements and styling tips to set expectations.
225,3,0,Dresses,Negative,Product Quality,Return,Medium,Investigate and correct the exposed zipper installation/design so it lays flat; inspect current inventory and flag/recall defective units.
226,3,0,Tops,Negative,Fit & Sizing,Return,Medium,"Add a 'runs small/short — size up' fit note on the product page, update sizing guidance, and consider offering larger sizes or adjusting the cut."
227,3,1,Tops,Negative,Fit & Sizing,Complaint,Medium,Add clear photos and product copy showing the back keyhole and bra-compatibility; add styling/size guidance and flag the style for design review (consider reducing keyhole or adding a modesty option).
228,3,0,Tops,Negative,Comfort,Complaint,Medium,Update the product page to warn that the metallic threads can be scratchy and recommend layering; offer returns/exchanges and flag for product team to explore a lined or softer-thread version.
229,3,0,Intimate,Neutral,Fit & Sizing,Return,Medium,Add torso length measurement and a 'runs short' fit note to the product page; recommend longer-length alternatives and process returns promptly.
230,3,1,Dresses,Negative,Fit & Sizing,Complaint,Medium,"Update product photos to show the true color and visible darting; revise product description to note the cut (not bias), include bust-fit recommendations and sizing guidance."
231,3,1,Tops,Neutral,Fit & Sizing,Complaint,Medium,"Update product description and photos to clearly state the top's cut/length (short and wide), include model height and measurements and garment length in inches to help shoppers assess fit."
232,3,1,Dresses,Neutral,Fit & Sizing,General Feedback,Low,Update product description to note voluminous sleeves and prominent collar; consider softening sleeve volume or offering styling/tailoring tips and review collar contrast for future batches.
233,3,0,Dresses,Negative,Fit & Sizing,Return,Medium,Flag for design review to reduce V-plunge depth and improve back drape; update product description to warn about deep neckline and potential clinginess and suggest styling/size fixes.
234,3,0,Bottoms,Negative,Style & Design,Return,Medium,Process the customer's return/refund and update the product photos/description to match the actual color; investigate fulfillment for wrong color variant shipments.
235,3,1,Tops,Neutral,Fit & Sizing,Return,Medium,"Flag this Maeve top for a sizing review (tight in bust, oversized arm openings), update the product description/size guide with fit notes, and proactively offer return/exchange assistance to affected customers."
236,3,1,Dresses,Negative,Fit & Sizing,Complaint,Low,Update product listing with accurate garment measurements and model heights; add photos showing true length on multiple body types and close-up fabric/detail shots to set correct expectations.
237,3,1,Dresses,Neutral,Product Quality,Complaint,Medium,Investigate fabric and lining quality; consider redesigning the lining for easier entry and update the product description to note the asymmetrical hem and thin material.
238,3,0,Tops,Negative,Fit & Sizing,Complaint,Medium,Offer the customer a return or exchange and flag the item for QC to trim raw lace edges and update photos/description to reflect actual color and fit.
239,3,1,Tops,Neutral,Fit & Sizing,General Feedback,Low,Add a 'runs large' fit note to the product listing and advise customers to size down; review sizing consistency for this style.
240,3,0,Tops,Negative,Product Quality,Return,Medium,"Approve the return/refund; flag this SKU for a quality review due to high viscose content, update the product description/care information to reflect durability concerns, and review supplier/material sourcing."
241,3,1,Tops,Negative,Fit & Sizing,Complaint,Medium,"Update product photos and description to reflect true fit/length, include model height and size worn plus clear sizing guidance (recommend sizing down); offer customer exchange assistance for a smaller/petite size."
242,3,1,Dresses,Neutral,Fit & Sizing,Complaint,Medium,Add a product-page note that the top runs large and recommend ordering one size down; update size chart/model measurements and offer easy exchange assistance.
243,3,0,Tops,Negative,Fit & Sizing,Complaint,Low,Update product page with front length measurement and model height; add styling note or suggest alternative shorter-front styles.
244,3,1,Dresses,Neutral,Fit & Sizing,Return,Low,Add explicit bust-fit notes and styling recommendations on the product page and suggest alternative tunic dresses for customers with larger busts.
245,3,0,Bottoms,Negative,Style & Design,Complaint,Medium,Investigate and correct the skirt's pattern/cut for asymmetry; offer the customer an exchange or refund.
246,3,0,Tops,Neutral,Style & Design,Complaint,Medium,Update product photos and description to clearly show and note the metallic threads/shimmery finish so appearance in person matches expectations.
247,3,0,Dresses,Negative,Product Quality,Return,Medium,Process the return/refund and escalate feedback to product/design team to replace the cheap zipper and review fabric/fit/drape for future iterations.
248,3,0,Bottoms,Negative,Fit & Sizing,Complaint,Medium,Initiate a design review to replace the bulky elastic with a narrower or adjustable waist (or add a hidden drawstring); update the product description to recommend styling with a belt and consider a price promotion given fit concerns.
249,3,0,Bottoms,Negative,Product Quality,Complaint,Medium,Contact customer to offer a full refund or replacement; escalate to QA to inspect fabric and seam durability for this SKU and review supplier batch for pilling/ripping issues.
250,3,0,Tops,Negative,Style & Design,Complaint,Low,Update product page to note the coat-like styling and substantial side slit (transparency over pants) and advise customers with fuller busts to consider sizing up; add styling photos on a model to set expectations.
251,3,0,Dresses,Negative,Fit & Sizing,Complaint,Medium,Offer the customer a return/exchange and recommend trying the petite size; update the product page with clearer fit and length guidance (include model height and notes on armhole coverage).
252,3,0,Bottoms,Negative,Fit & Sizing,Return,Medium,Process the return and flag this skirt for a sizing review; update the product listing to note it runs small at the hips and recommend sizing up.
253,3,0,Tops,Negative,Fit & Sizing,Complaint,Medium,Review and adjust the waist pattern/grading to remove excess material; update product description with fit notes and model measurements and clearer sizing guidance.
254,3,1,Tops,Negative,Fit & Sizing,Complaint,Medium,Add garment length and model torso measurements to the product page and consider offering a longer-length version or extended sizing option.
255,3,0,Tops,Negative,Price & Value,Complaint,Low,Update product description to note the tank is slightly sheer and recommend wearing a cami; review pricing or material quality to better match customer expectations.
256,3,0,Dresses,Positive,Style & Design,Praise,Low,Tag product as 'transitional season' and feature in marketing/styling tips for seasonal layering.
257,3,1,Dresses,Negative,Fit & Sizing,Complaint,Medium,Investigate and adjust the armhole pattern (avoid inward cut around the bust); update product images and fit notes to show armhole shape and model measurements.
258,3,0,Dresses,Negative,Fit & Sizing,Return,Medium,Introduce a petite fit option or adjust grading to better accommodate very petite proportions (narrower shoulders and smaller waist).
259,3,1,Bottoms,Neutral,Style & Design,General Feedback,Low,Update the product page to note that jeweled embellishments add weight and are trend-driven; consider promoting a non-embellished alternative.
260,3,1,Dresses,Negative,Fit & Sizing,Complaint,Medium,Update product description with clear bust-fit guidance and bra compatibility; evaluate adding built-in bust support or a size-adjusted variant to accommodate smaller-chested customers.
261,3,0,Bottoms,Negative,Fit & Sizing,Complaint,Medium,"Add clear fit notes and model height info to the product page, include styling guidance and recommended heights; recommend the Essential Taper Pant as an alternative and review cut for shorter customers."
262,3,1,Tops,Negative,Fit & Sizing,Return,Medium,"Add a fit note for petite customers (e.g., may hang low on shorter frames), include model height/back length in product description, and recommend trying on in-store before purchase."
263,3,1,Tops,Negative,Fit & Sizing,Complaint,Medium,Add a fit note on the product page stating the fabric is stiff and sleeves may stick out on broader shoulders; include model/shoulder measurements and suggested body types to help shoppers decide.
264,3,0,Dresses,Negative,Product Quality,Return,Medium,Process the return/refund and inspect remaining inventory/production for the same asymmetrical gathering; address the construction/QA issue.
265,3,0,Bottoms,Negative,Product Quality,Return,Medium,Investigate fabric opacity and dye quality; update product photos/descriptions to reflect true color and sheerness and consider a less-sheer fabric or lining option.
266,3,0,Dresses,Negative,Fit & Sizing,Complaint,Medium,Revise product description to note the top is t-shirt-like (not denim) and that the bottoms run poofy/roomy; add sizing guidance and consider pattern adjustments to reduce excess volume in the bottom.
267,3,0,Jackets,Negative,Style & Design,Return,Medium,Update product images and description to clearly show/state that the t-shirt-style sleeves are attached (include close-ups and styling examples) and process the return promptly.
268,3,1,Bottoms,Neutral,Fit & Sizing,Complaint,Medium,Update product page to list inseam/actual length and model height; offer hemming/tailoring discount or clear hemming guidance to customers.
269,3,1,Intimate,Neutral,Fit & Sizing,Return,Medium,Update product listing to note it runs small and recommend ordering one size up; flag sizing issue to product team for review.
270,3,0,Dresses,Negative,Fit & Sizing,Complaint,Medium,Contact customer to offer return/exchange or alteration assistance; escalate to product design to inspect the bodice pattern and zipper placement.
271,3,0,Bottoms,Negative,Product Quality,Return,Medium,"Quarantine and inspect remaining inventory of this skirt for snags/unraveling, remove defective pieces from sale, and escalate to supplier/QA for fabric review."
272,3,0,Tops,Negative,Fit & Sizing,Return,Medium,"Investigate the fit for this style (size 2), add clear fit notes that it can appear tent-like on smaller frames, prioritize restocking size 0 or recommending a petite option, and process the return promptly."
273,3,1,Tops,Neutral,Product Quality,Return,Medium,"Investigate the production lot for holes/snags, reinforce or adjust zig-zag stitching to prevent snagging, and update product care labeling to emphasize hand wash/delicate handling."
274,3,0,Bottoms,Negative,Fit & Sizing,Return,Medium,Process the return promptly and offer refund or exchange; notify product team that the item arrived undistressed and has a problematic hip fit so product/description can be reviewed.
275,3,1,Tops,Negative,Fit & Sizing,Return,Medium,Update product page with a clear bust-fit note and model measurements (runs narrow across bust); suggest alternative styles for fuller-busted customers and highlight return/exchange options.
276,3,0,Tops,Negative,Product Quality,Complaint,Medium,"Investigate the fabric quality of the white tee (check batch), improve fabric weight or reinforcement to prevent tearing, update product listing to note sheerness, and offer the customer a refund or exchange."
277,3,0,Dresses,Neutral,Product Quality,General Feedback,Low,Update product description to note the thinner fabric and texture; flag the style for a material/quality review and consider improving fabric or QC.
278,3,0,Dresses,Negative,Style & Design,Return,Medium,Accept the return and notify the product team to evaluate the flowing overlay (consider reducing fullness or updating photos/descriptions to show overlay volume).
279,3,1,Tops,Neutral,Fit & Sizing,Complaint,Medium,Add a fit note on the product page stating the sweater runs large in the shoulders/arms and recommend sizing down for non-busty customers; review shoulder/arm pattern for future production.
280,3,0,Bottoms,Negative,Fit & Sizing,Complaint,High,Investigate and adjust pattern grading/torso length for this romper; add fit notes on the product page advising taller customers to size up and flag for QA to prevent overly tight sleeve openings.
281,3,0,Dresses,Negative,Fit & Sizing,Complaint,Medium,"Update product page with clear fit notes (emphasize it accentuates shoulders), add model measurements and shoulder/hip/length specs, and include photos on varied body types to set expectations."
282,3,1,Tops,Negative,Fit & Sizing,Return,Medium,Contact customer to offer an exchange for a different size or style with longer sleeves and update product page to clearly list sleeve length/fit notes.
283,3,1,Tops,Negative,Product Quality,Complaint,Medium,"Flag this style for quality inspection (fabric and hem), update supplier/production specs as needed, and offer the reviewer a partial refund or discount."
284,3,1,Tops,Negative,Fit & Sizing,Complaint,Medium,"Investigate sizing variance and update the product page with clear fit guidance (recommend sizing down), sleeve length, and model measurements; clarify return/exchange options."
285,3,0,Tops,Negative,Fit & Sizing,Return,Medium,Add upper-arm circumference to the product page and note that the lace sleeve runs small; offer easy exchange/alternative styles with roomier sleeves.
286,3,0,Tops,Negative,Product Quality,Return,Medium,Provide a prepaid return label and offer refund or replacement; escalate to quality control to inspect fabric and affected batch for pulling/finish issues.
287,3,1,Tops,Negative,Fit & Sizing,Complaint,Medium,Review and correct pattern grading for this style and update the product listing to advise customers to size down.
288,3,0,Dresses,Negative,Fit & Sizing,Return,Medium,Add a prominent fit note on the product page recommending customers size up due to a narrow top and include model/measurements.
289,3,1,Intimate,Positive,Product Quality,Praise,Low,Highlight the leggings' strong construction and medium-weight feel in product descriptions and marketing.
290,3,0,Dresses,Negative,Fit & Sizing,Complaint,Medium,Flag this style for a midsection fit review and update the product description with fit guidance; offer the customer return/exchange options.
291,3,1,Dresses,Negative,Fit & Sizing,Complaint,Low,Add model height and exact garment length to the product page and flag as not suitable for petite customers; consider offering a petite length option.
292,3,0,Tops,Neutral,Fit & Sizing,Return,Medium,Update product page to indicate this style runs large and recommend sizing down (include model/measurements); highlight easy return/exchange options.
293,3,0,Tops,Neutral,Fit & Sizing,Complaint,Medium,"Update the product page to note the oversized, very flowy sleeves and add photos showing the model with arms raised; flag the sleeve design for review to consider reducing volume in future production."
294,3,0,Dresses,Negative,Fit & Sizing,Complaint,Medium,"Review and adjust armhole dimensions for petite sizing, update the product's fit notes/measurements, and offer the customer an easy return or exchange."
295,3,0,Intimate,Negative,Style & Design,Complaint,Medium,Update product page/photos to note the high top-of-cup coverage for B-cups and flag design team to consider a lower-cut cup option for wide-neck/off-shoulder styles.
296,3,0,Bottoms,Negative,Product Quality,Return,Medium,Accept return and refund; open a quality-control review on the skirt's lining construction and update product photos/descriptions to show lining length.
297,3,0,Tops,Neutral,Fit & Sizing,Return,Medium,"Update product page to note the loose/swingy fit, include exact measurements and petite-model photos, and consider offering a more fitted/petite variant."
298,3,0,Tops,Negative,Fit & Sizing,Return,Medium,"Update product description to note its oversized fit and tunic length; recommend sizing down, add styling photos, and ensure clear return/exchange instructions."
299,3,0,Tops,Neutral,Fit & Sizing,Complaint,Medium,"Add fit notes for curvier figures in the product description, include styling tips and consider showing the top on a curvier model to set clearer expectations."
300,4,1,Dresses,Neutral,Fit & Sizing,Return,Medium,Update product page to note the dress runs tight from the waist down (recommend sizing up) and proactively offer the customer an easy exchange/return for a larger size.
301,4,1,Dresses,Positive,Fit & Sizing,Praise,Low,"Add garment length measurements and model height to the product page and include a fit note showing where the dress falls on different heights (e.g., 5'9"")."
302,4,0,Tops,Negative,Fit & Sizing,Return,Medium,"Update the product description to include the package-listed rise/length and exact measurements, add a short-waist fit note, and ensure easy return/exchange instructions."
303,4,1,Tops,Neutral,Fit & Sizing,Complaint,Medium,"Update the product page to note the boxy/oversized fit, include exact garment measurements and model info, and disclose the thicker yarn/itchiness so customers can size down or opt out."
304,4,1,Tops,Positive,Comfort,Praise,Low,Highlight the shirt's comfort and styling versatility in the product description and marketing; consider using this quote as a testimonial.
305,4,1,Tops,Positive,Style & Design,Praise,Low,"Highlight the soft fabric, print quality, and baseball cut in the product description and feature this quote as a positive review snippet."
306,4,0,Tops,Negative,Fit & Sizing,Return,Medium,Process the return; update product page with accurate measurements and fit notes (runs very large/armholes oversized/stretches) and review pattern grading for this style.
307,4,1,Jackets,Neutral,Fit & Sizing,Recommendation,Low,Add a 'runs small — consider ordering one size up' note to the product page and size chart; include a fit warning in product description.
308,4,1,Intimate,Neutral,Fit & Sizing,General Feedback,Medium,Investigate cup construction/fit for 34B-sized customers; update product fit notes and size guide and consider offering improved cup support or removable padding.
309,4,1,Tops,Negative,Fit & Sizing,Return,Low,Review petite XS shoulder/upper-arm measurements and adjust pattern or size guidance; update product description and proactively offer exchange/return assistance to the customer.
310,4,1,Tops,Positive,Fit & Sizing,Praise,Low,Update product page to note that the sweater runs large and recommend sizing down; instruct QC to check/trim rough reverse embroidery threads.
311,4,1,Tops,Positive,Fit & Sizing,Praise,Low,"Update product description/images to note the roomy cut and show collar styling options; include size guidance (true to size, user sized XS)."
312,4,1,Bottoms,Positive,Style & Design,Praise,Low,Feature this patterned bottom in marketing and update product description to note it fits true to size.
313,4,1,Dresses,Positive,Fit & Sizing,Praise,Low,Update product description to note the relaxed/shapeless fit and highlight that it’s non-restrictive for dancing; include styling tips and model photos to set customer expectations.
314,4,1,Jackets,Neutral,Fit & Sizing,General Feedback,Low,Add a sizing note to the product page that the vest runs small in the body and recommend ordering one size up; consider including exact body measurements and exploring a relaxed-fit option.
315,4,1,Tops,Neutral,Fit & Sizing,Complaint,Low,Assess and loosen the front neckline (adjust pattern) and add a fit note on the product page about the front neck fit.
316,4,1,Tops,Positive,Fit & Sizing,Praise,Low,Add a product page note that the top runs large and recommend ordering one size down; consider highlighting fit guidance in sizing chart.
317,4,1,Tops,Positive,Product Quality,Praise,Low,Update product description to note the white tee is sheer (see-through) and consider increasing opacity for white or offering a lined/non-sheer option.
318,4,1,Tops,Positive,Fit & Sizing,Praise,Low,"Add fit notes to the product page about length and model height (5'8"" noted) and consider offering or developing a longer/tall length option."
319,4,1,Tops,Positive,Fit & Sizing,Praise,Low,Highlight the loose fit in product descriptions and expand color options/stock for this item.
320,4,1,Tops,Negative,Fit & Sizing,Return,Medium,"Flag for fit review: verify grading and sizing accuracy, update product description to note oversized/relaxed fit and measurements, and evaluate neck hem construction/design for improvement."
321,4,0,Dresses,Negative,Product Quality,Return,Medium,Approve return/refund and offer exchange; inspect remaining inventory for snags and improve quality control; update product description to clearly state the fabric is lightweight.
322,4,1,Tops,Neutral,Fit & Sizing,Return,Low,"Add clear garment length and model height to the product page, note if the tee runs long for shorter frames, and recommend petite or long-sleeve alternatives."
323,4,1,Bottoms,Neutral,Fit & Sizing,Return,Medium,Add a fit note to the product page indicating petite sizing runs small and recommend ordering one size up; update size chart and internal fit guidance.
324,4,1,Tops,Positive,Style & Design,Praise,Low,Consider narrowing the top elastic in future production and add a note/photo in the product description about the elastic band width.
325,4,1,Tops,Negative,Product Quality,Complaint,Medium,Investigate the acrylic material and construction (add a softer blend or neck lining) and update the product description to warn about potential itchiness and the pockets adding bulk.
326,4,1,Intimate,Positive,Style & Design,Praise,Low,Update product description to note the A-line/baggy fit and add on-model photos/fit guidance for straighter body types; highlight pockets and softness.
327,4,1,Dresses,Positive,Fit & Sizing,Praise,Low,Add a sizing note on the product page stating it runs small and is snug across the shoulders; recommend sizing up and include shoulder measurements/model fit details.
328,4,1,Intimate,Positive,Product Quality,Praise,Low,Update product listing to note the fabric is thin/sheer and include model height and dress length; suggest it as a swimsuit cover-up rather than a regular dress.
329,4,1,Tops,Positive,Price & Value,Praise,Low,"Update product listing to clearly state the true color (navy, not black) and that the fabric is sheer (recommend wearing a dark cami); consider maintaining promotional pricing or clarifying full-price value."
330,4,1,Tops,Neutral,Price & Value,Return,Low,Notify customer when the top goes on sale and consider including it in upcoming promotions or targeted discounts to convert interest.
331,4,1,Dresses,Positive,Product Quality,Praise,Low,Update product description to state the dress is unlined/partly sheer and recommend a slip or wearing over swimwear; consider offering a lined version and add a sizing/length note (runs slightly large/long on shorter heights).
332,4,1,Tops,Positive,Style & Design,Praise,Low,Feature the rooster colorway and its vivid colors in marketing and product images; update the description to note it's true to size with a slightly baggy fit and not scratchy.
333,4,1,Dresses,Negative,Style & Design,Return,Medium,Investigate and correct the product listing color/photos for this SKU; process the customer's return/refund and offer a small discount on a future purchase as an apology.
334,4,1,Dresses,Positive,Fit & Sizing,Recommendation,Low,Add a fit note on the product page that the dress runs large and recommend ordering one size down; update the size chart and product description accordingly.
335,4,1,Bottoms,Neutral,Fit & Sizing,Return,Medium,Process the return and update the product page to note that the fit is tight in the calves and runs long on some customers; consider adding a petite inseam option or wider-calf fit guidance.
336,4,1,Tops,Positive,Style & Design,Praise,Low,Feature styling suggestion on product page and images showing the tunic paired with leggings and jeans to highlight versatility.
337,4,1,Bottoms,Positive,Fit & Sizing,Recommendation,Low,Update product page sizing notes to state the pants run large and the rear stretches with wear; recommend customers size down 1–2 sizes and include fit guide/model measurements.
338,4,1,Bottoms,Positive,Fit & Sizing,Praise,Low,Add inseam measurements to the product page and offer/promote a petite/short-length option or hemming guidance.
339,4,1,Dresses,Negative,Fit & Sizing,Return,Medium,Offer an easy exchange to size 4 and update the product fit notes to warn about lower-back puckering; investigate pattern adjustment for a better lower-back fit.
340,4,1,Tops,Positive,Product Quality,Praise,Low,Update product listing to clearly state the fabric has no stretch and the item has no liner; include styling suggestion (wear with white or nude tank).
341,4,1,Dresses,Positive,Product Quality,Praise,Low,Investigate visible lining issue for this SKU in QC and offer affected customers an exchange or repair option.
342,4,1,Tops,Positive,Style & Design,Praise,Low,"Update product description and images to highlight ivory option’s tan/beige speckled texture, double-layered (non-sheer) construction, and styling versatility (off-shoulder or cowl-neck)."
343,4,1,Trend,Negative,Fit & Sizing,Complaint,Medium,"Add clear fit notes and model measurements showing where the waistline falls, include side-view photos, and review patterning to avoid awkward fullness at the hip."
344,4,1,Tops,Positive,Style & Design,Praise,Low,Highlight the dark olive color and smocking detail in product descriptions and marketing; note that it fits true to size.
345,4,1,Tops,Negative,Fit & Sizing,Return,Medium,"Ensure the return is processed; update the product page with exact front length and shoulder measurements and note that XL runs short/narrow; review the pattern to add ~3"" more torso length and more shoulder ease."
346,4,1,Dresses,Neutral,Style & Design,Complaint,Medium,Update product page to clarify fabric weight/seasonal suitability and note the tie is built-in; consider offering a detachable belt option in future.
347,4,1,Tops,Positive,Fit & Sizing,Praise,Low,Mark product page: 'runs large/long' and add precise garment length and fit notes; recommend sizing down and include care/shrinkage guidance.
348,4,1,Dresses,Neutral,Fit & Sizing,Complaint,Medium,"Investigate and adjust bust fit across sizes (consider grading/toggle for petite), restock popular sizes, and update product photos/detail copy to show interior lining and high side slit so customers know what to expect."
349,4,1,Tops,Positive,Comfort,Praise,Low,Promote the item’s seasonal versatility and ideal weight in product description and marketing.
350,4,1,Dresses,Positive,Style & Design,Praise,Low,Review shoulder material opacity and consider adding lining or updating the product description to note potential strap visibility and recommend a strapless or camisole option.
351,4,1,Intimate,Positive,Fit & Sizing,Praise,Low,Add a 'runs large' note to the product page and size chart advising customers to consider sizing down; include this guidance on in-store tags.
352,4,1,Dresses,Positive,Product Quality,Praise,Low,Update manufacturing to ensure print on the garment interior or add a lining so the inside doesn't appear faded; update product page to note that this style runs small and recommend sizing down.
353,4,1,Tops,Neutral,Fit & Sizing,General Feedback,Low,Add the model's size and measurements to the product page or size guide to help customers choose the correct size.
354,4,1,Intimate,Neutral,Fit & Sizing,Return,Medium,Process the exchange to a medium and update the product page/size chart to indicate this turtleneck runs small and include fit guidance.
355,4,1,Tops,Positive,Product Quality,Praise,Low,Offer a less-sheer fabric option and expand color choices; update product description/photos to recommend a camisole and show layering options.
356,4,1,Tops,Positive,Product Quality,Praise,Low,Update product description to note the fabric is thin/sheer and add photos showing transparency; recommend layering (tank) in the product copy.
357,4,1,Dresses,Positive,Fit & Sizing,Praise,Low,Stock additional size 10 inventory and add a note in the product description that sleeves run slightly snug.
358,4,1,Dresses,Positive,Fit & Sizing,Praise,Low,"Update product description to highlight the relaxed/tent-like fit and add styling tips (e.g., wear with a belt or layer); consider adding waist shaping in future iterations."
359,4,1,Tops,Positive,Style & Design,Praise,Low,"Feature in spring marketing with styling suggestion to wear over a slip-dress; highlight the soft lace, lightweight fabric, and transitional sleeve length."
360,4,1,Jackets,Positive,Fit & Sizing,Praise,Low,Add sleeve length details to the product page and include a note suggesting minor alterations (or promote tailoring services/size alternatives) to set customer expectations.
361,4,1,Bottoms,Positive,Fit & Sizing,Praise,Low,Add sizing note that the pants run large and recommend customers size down; update product page with fit guidance and model sizing info.
362,4,1,Tops,Positive,Style & Design,Praise,Low,"Feature the item's colors, print, embroidery, and versatility in product listings and marketing; note its good value."
363,4,1,Tops,Positive,Fit & Sizing,Praise,Low,Continue listing precise length measurements (including petite fits) on the product page; add fabric weight/thickness info and consider offering a slightly heavier fabric option.
364,4,1,Dresses,Positive,Product Quality,Praise,Medium,Reinforce sleeve button attachment on this dress style and inspect current inventory for loose buttons; review size grading to ensure 'Large' aligns with expected fit and update size guidance.
365,4,1,Bottoms,Positive,Fit & Sizing,Praise,Low,Update product description to note it runs small in the chest (recommend sizing up) and flag design team to consider a more tailored bottom hem in future runs.
366,4,1,Tops,Positive,Fit & Sizing,Praise,Low,Update the product page to note that the shell runs slightly large and the center slit may be revealing for smaller busts; recommend sizing down and add styling/coverage suggestions.
367,4,1,Tops,Negative,Fit & Sizing,Complaint,Medium,Add a 'runs small — consider ordering one size up' note on the product page and send fit feedback to the design team to review arm length and overall grading.
368,4,1,Bottoms,Neutral,Product Quality,General Feedback,Low,Offer a discount or replacement for the damaged pair and forward this durability report to the product/QA team for review.
369,4,1,Tops,Positive,Style & Design,Praise,Low,Highlight the sage color and styling (pair with scarves) in the product description and marketing imagery.
370,4,1,Dresses,Neutral,Fit & Sizing,General Feedback,Low,Publish exact garment length on the product page and ensure stores stock regular-length (non-petite) sizes or include clear petite length notes in-store.
371,4,1,Dresses,Positive,Fit & Sizing,Praise,Low,"Review slip lining length for the petite version; update product description/measurements to note the slip is ~2"" shorter and consider adjusting the lining in future runs."
372,4,1,Tops,Positive,Fit & Sizing,Praise,Low,Update product page to note the blouse's boxy cut and suggest ordering petite if between sizes; also mention the heavier fabric and patch pockets in the description.
373,4,1,Tops,Negative,Fit & Sizing,Complaint,Medium,Add precise front/back length measurements and fit notes to the product page and recommend similar tailored alternatives.
374,4,1,Tops,Positive,Fit & Sizing,Praise,Low,"Update product page sizing notes to indicate this style runs large and suggest sizing down (include petite fit guidance for customers around 5'4"")."
375,4,1,Tops,Positive,Fit & Sizing,Praise,Low,Update product page to note the narrower top/more voluminous bottom fit and heavier knit; add specific washing/care instructions to minimize stretching.
376,4,1,Tops,Negative,Fit & Sizing,Complaint,Medium,Revise pattern to reduce armhole gape and update the product page with armhole measurements and styling/ layering recommendations so customers know fit and can choose appropriately.
377,4,1,Bottoms,Neutral,Fit & Sizing,Complaint,Low,"Flag this style for color-based sizing variance, update the product page with sizing guidance (recommend usual size for white), and offer the customer an exchange to size 28."
378,4,1,Dresses,Positive,Style & Design,Praise,Low,Update product images and description to show the brown tones more accurately and add petite vs regular length measurements (model heights/hem measurements) to the size info.
379,4,1,Intimate,Positive,Product Quality,Praise,Low,Update product description to note the dress is sheer and recommend pairing with a nude slip; add styling photos showing the slip option.
380,4,1,Dresses,Positive,Style & Design,Praise,Low,Feature this dress in summer workwear promotions and include a styling tip to pair with a cami to raise the neckline.
381,4,1,Tops,Positive,Price & Value,Praise,Low,Emphasize the sleeve detail in product copy/imagery to justify the price and consider a targeted promotion or lower price point for this casual tunic to improve perceived value.
382,4,1,Dresses,Positive,Style & Design,Praise,Low,"Highlight the embroidery, slight sheen, and versatility in product photos and descriptions; use marketing copy emphasizing its dressy look and flattering, non-clinging fit."
383,4,0,Dresses,Negative,Fit & Sizing,Return,Medium,"Flag this style for fit review—check and adjust armhole measurements, update product description/size guidance about tight armholes, and offer affected customers exchange options."
384,4,1,Tops,Negative,Fit & Sizing,Return,Medium,Add clear fit guidance and body-type photos to the product page and flag the style for a sizing/fit review.
385,4,1,Dresses,Positive,Fit & Sizing,Complaint,Low,"Verify that product photos match the delivered inventory, add exact sleeve length measurements to the product page, and provide in-store alteration/DIY suggestions."
386,4,1,Dresses,Neutral,Fit & Sizing,General Feedback,Medium,Add a clear 'runs large — consider sizing down' note on the product page and include fit guidance/model measurements; flag to design team to review pattern for future runs.
387,4,1,Dresses,Positive,Product Quality,Praise,Medium,Offer to send a replacement button with simple repair instructions and flag the batch for quality-control review to prevent future missing hardware.
388,4,1,Intimate,Positive,Product Quality,Praise,Low,Feature in marketing and update product description to highlight comfort and good in-person quality.
389,4,1,Dresses,Neutral,Fit & Sizing,General Feedback,Low,Add a fit note to the product page stating it runs a bit roomy in the waist and may be slightly long on shorter customers; include model measurements and suggest tailoring or using a belt.
390,4,1,Tops,Positive,Fit & Sizing,Praise,Low,Update product page to recommend ordering one size down (runs large) and note the reverse-print (inside brighter); add photos highlighting the back detail and flowy fit.
391,4,1,Intimate,Negative,Product Quality,Complaint,Medium,Apologize and offer a full refund or replacement; escalate the issue to quality control to inspect the batch and prevent future defects.
392,4,1,Jackets,Neutral,Style & Design,Return,Low,Update product page to note the lapel width and add close-up photos; consider flagging design feedback for potential narrower-lapel option.
393,4,1,Bottoms,Positive,Fit & Sizing,Praise,Low,Update product description to recommend sizing up (suggest XL) and warn about the short zipper; evaluate lengthening the zipper in future production.
394,4,1,Tops,Neutral,Fit & Sizing,General Feedback,Medium,"Update product page to show true length (include model height and hem position), state that the slit is single-sided and specify where the slit starts; add styling guidance (e.g., wear high-waisted leggings) and consider adjusting slit placement in future production."
395,4,1,Tops,Positive,Fit & Sizing,Praise,Low,Update product listing to note tee-shirt/jersey material and blouson (loose from bust) fit; add a styling tip recommending tucking for a neater look.
396,4,1,Bottoms,Positive,Fit & Sizing,Praise,Low,"Update product description to note the shorter leg length and add a styling tip (scrunch legs, pair with sandals); include model height/inseam for better sizing guidance."
397,4,1,Tops,Neutral,Fit & Sizing,Return,Medium,Flag product for a fit review and update the product page to note it runs small in the chest and recommend sizing up.
398,4,1,Tops,Positive,Style & Design,Praise,Low,"Update product listing to highlight natural fabric color variation, lace color, and the flattering neckline; note that the body fits true to size."
399,4,1,Tops,Negative,Fit & Sizing,Complaint,Medium,"Update the product page to list exact garment length and model height, note fabric opacity (requires camisole for white/navy), and consider offering or designing a longer-length variant for taller customers."
400,5,1,Dresses,Positive,Fit & Sizing,Praise,Low,"Add a size/fit note to the product page (e.g., 132 lb, 34DD wore size 8) and feature this customer quote as a testimonial to highlight true-to-size fit and flattering style."
401,5,1,Tops,Positive,Product Quality,Praise,Low,"Update product description to highlight the shirt's very soft, high-quality fabric and oversized fit; prioritize restocking smaller sizes."
402,5,1,Dresses,Positive,Style & Design,Praise,Low,Feature this positive quote on the product page and in marketing to highlight the dress's appeal.
403,5,1,Tops,Positive,Comfort,Praise,Low,"Feature as a customer testimonial highlighting the shirt's comfort and simple, clean design in product listings and marketing."
404,5,1,Dresses,Positive,Fit & Sizing,Praise,Low,Add sizing guidance on the product page indicating it runs a bit small and suggest sizing up for between-sizes; include model measurements to help customers choose.
405,5,1,Dresses,Positive,Product Quality,Praise,Low,"Feature this testimonial on the product page and add a sizing note: customer (5'4"", 123 lb, 34D) found size 4 fit perfectly."
406,5,1,Tops,Positive,Fit & Sizing,Praise,Low,"Highlight the great fit and built-in cami in the product description and add the reviewer size reference (5'7"", 160 lbs = Medium) to fit notes."
407,5,1,Dresses,Positive,Style & Design,Praise,Low,"Feature the dress in marketing as a versatile, faux-wrap style; add styling suggestions (white denim jacket, red cardigan) and note comfort and 3-season wearability in the product description."
408,5,1,Tops,Positive,Style & Design,Praise,Low,Consider adding white and black color options and promote the shirt as a business-casual basic; notify interested customers when available.
409,5,1,Bottoms,Positive,Fit & Sizing,Praise,Low,"Clarify product page: state that the skirt is A-line (not a full circle), include finished skirt length and model height, and note that ordering regular size adds length for petite customers."
410,5,1,Dresses,Positive,Style & Design,Praise,Low,Highlight the dress's pockets and versatility (dress up or casual) in the product description and marketing.
411,5,1,Bottoms,Positive,Fit & Sizing,Praise,Low,Feature this review on the product page and add a size note: runs true-to-size but may feel snug initially and will relax with wear; highlight soft chambray and styling suggestions.
412,5,1,Tops,Positive,Fit & Sizing,Praise,Low,"Update product description to note true-to-size fit and that a medium fits someone ~5'5"", 136 lbs, 34DDD; clarify that the blue is a muted gray/blue (less bright than photos)."
413,5,1,Tops,Positive,Fit & Sizing,Praise,Low,"Add a product note that this style runs slightly large and suggest sizing down; include care guidance (cold wash, hang to dry) on the product page."
414,5,1,Bottoms,Positive,Fit & Sizing,Praise,Low,Update product description/size guide to note that both sizes 8 and 10 fit and recommend size 10 for extra room to tuck in a shirt.
415,5,1,Tops,Positive,Fit & Sizing,Praise,Low,Update product description to note the top runs short but roomy (include model height and measurements) and add styling suggestions for length.
416,5,1,Tops,Positive,Comfort,Praise,Low,Restock this top in additional colors and notify customers (or reopen a waitlist) when available.
417,5,1,Tops,Positive,Product Quality,Praise,Low,Update product photos and description to show/mention the two different fabrics (include close-up of weave) and add a fit note for busty customers (sizing guidance).
418,5,1,Tops,Positive,Style & Design,Praise,Low,"Feature this review in the product page and marketing as a 'cat-lover gift'; highlight the adorable print, soft material, and flowy day-to-night fit."
419,5,1,Dresses,Positive,Fit & Sizing,Praise,Low,"Restock popular petite sizes (e.g., 8P) and add size guidance noting customers may prefer sizing up; highlight this positive review on the product page."
420,5,1,Intimate,Positive,Style & Design,Praise,Low,"Update product page to mention arm-raise sheerness/coverage and add styling suggestions (e.g., strapless bra/cami); emphasize softness and breezy fabric in product copy."
421,5,1,Dresses,Positive,Fit & Sizing,Praise,Low,Highlight the fitted cut for smaller-busted customers and mention the blue textured fabric in the product description and marketing.
422,5,1,Tops,Positive,Fit & Sizing,Praise,Low,"Update product description to note the fabric is thin but stretchy, advise sizing guidance (may consider sizing up) and include photos showing knot areas to set expectations."
423,5,1,Dresses,Positive,Style & Design,Praise,Low,Feature this quote as a testimonial on the product page and ensure adequate inventory.
424,5,1,Dresses,Positive,Style & Design,Praise,Low,"Feature the stitched floral detail, sheer sleeves, and lightweight fabric prominently in product images/descriptions and use the customer quote in marketing."
425,5,1,Tops,Positive,Fit & Sizing,Praise,Low,Update product description to note the sweater's flared (A-line) hem and regular length; add photos showing the flare and advise customers to order their usual size.
426,5,1,Dresses,Positive,Style & Design,Praise,Low,"Highlight the flattering neckline, cut, and comfort in the product listing and ensure inventory of popular colors (promote multi-color purchases)."
427,5,1,Dresses,Positive,Fit & Sizing,Praise,Low,Update product page sizing guidance to note the dress runs large in the underarm/upper bust area and suggest customers consider sizing down (but advise those with larger chests to keep their usual size).
428,5,1,Tops,Positive,Style & Design,Praise,Low,Feature this review as a positive testimonial; clarify product color (note cobalt tone) in the description and add fit guidance for petite frames with larger busts (customer sized down to S).
429,5,1,Intimate,Positive,Product Quality,Praise,Low,"Promote the substantial, structured fabric in product descriptions and marketing; consider using this quote as a testimonial."
430,5,1,Tops,Positive,Fit & Sizing,Praise,Low,Highlight the tee's back-waist shaping in product descriptions/fit notes and recommend customers order their usual size.
431,5,1,Jackets,Positive,Style & Design,Praise,Low,Feature this item in gift guides and update product copy/images to highlight its vibrant colors and unique texture.
432,5,1,Dresses,Positive,Comfort,Recommendation,Low,"Highlight the dress's loose, casual fit and seasonal versatility in the product description and marketing; use this review as a testimonial for comfort and styling ideas."
433,5,1,Dresses,Positive,Style & Design,Praise,Low,Feature the dress in bohemian/versatile styling promos and emphasize its quality in the product description and images.
434,5,1,Bottoms,Positive,Style & Design,Praise,Low,Update online product images and color description to more accurately reflect the true red hue and add garment length/model height details to help size selection.
435,5,1,Bottoms,Positive,Style & Design,Praise,Low,Send a thank-you message and request permission to feature their photo/testimonial in marketing.
436,5,1,Dresses,Positive,Style & Design,Praise,Low,Feature the review and emphasize the dress's versatility in the product description and marketing imagery.
437,5,1,Bottoms,Positive,Fit & Sizing,Praise,Low,"Highlight petite sizing and the hidden waist band in the product description and include the user's suggested styling options (gray booties, black wedges, sandals)."
438,5,1,Tops,Positive,Fit & Sizing,Praise,Low,Note on product page that the white color is slightly sheer and recommend sizing up for white; add photos showing transparency and fit.
439,5,1,Tops,Positive,Comfort,Praise,Low,Feature comfort and styling benefits in the product description and use customer praise in marketing imagery/copy.
440,5,1,Tops,Positive,Product Quality,Praise,Medium,Investigate seam durability for this style and run quality checks on current stock; consider reinforcing arm seams in production and offer the customer reassurance or a replacement if they experience failure.
441,5,1,Tops,Positive,Fit & Sizing,Praise,Low,Add a fit note on the product page indicating it runs slightly wide and suggest petite if you prefer a shorter fit; include detailed bust/waist/body-length measurements.
442,5,1,Dresses,Positive,Fit & Sizing,Praise,Low,Add a fit note on the product page about slightly roomy armholes and evaluate adjusting armhole sizing in future production.
443,5,1,Intimate,Positive,Fit & Sizing,Praise,Low,"Update product description to include accurate fabric feel (clarify 'French terry' vs actual texture), note thickness and intended lounge use, and add length/size guidance with model measurements."
444,5,1,Bottoms,Neutral,Fit & Sizing,Return,Medium,Restock size 26 (or locate inventory) and proactively offer the customer an exchange or notification when it becomes available.
445,5,1,Tops,Positive,Style & Design,Praise,Low,"Update product imagery to reflect the true pale pink color and fit; add styled photos showing the sweater over denim, grey, and olive green outfits."
446,5,1,Tops,Positive,Style & Design,Praise,Low,"Feature this review on the product page and in marketing; highlight styling ideas and include the reviewer's height/size (5'10"", 138lbs, Small) in sizing notes."
447,5,1,Bottoms,Positive,Product Quality,Praise,Low,Assess durability of distressed finishes; consider reinforcing distressed areas in production or offer/partner repair/patch service and add care/repair guidance to the product page.
448,5,1,Dresses,Positive,Fit & Sizing,Praise,Low,"Update product page to note the dress is form-fitting and runs true to size (recommend ordering usual size), and highlight the thicker, non-stiff material and accurate colors/length."
449,5,1,Bottoms,Positive,Fit & Sizing,Praise,Low,Add size guidance on the product page recommending customers with thicker thighs to size up; highlight as a popular repeat-purchase item.
450,5,1,Tops,Positive,Style & Design,Recommendation,Low,"Feature this review on the product page and highlight the fabric, colors, and flowy fit in marketing copy."
451,5,1,Bottoms,Positive,Style & Design,Praise,Low,Feature this color in summer promotions and ensure adequate stock of true-to-size options.
452,5,1,Tops,Positive,Fit & Sizing,Praise,Low,"Highlight in product description that this rayon peasant shirt is comfortable, has a flattering sleeve length, and is suitable for fuller figures; feature this review in marketing."
453,5,1,Dresses,Positive,Style & Design,Praise,Low,Promote as a year-round casual staple in marketing and styling guides; include suggested pairings like black tights and booties.
454,5,1,Bottoms,Positive,Product Quality,Praise,Low,"Feature this review on the product page and marketing to highlight the skirt's quality, true-to-size fit, and versatility."
455,5,1,Dresses,Positive,Style & Design,Praise,Low,"Highlight the dress's detailed features (embroidery, set buttons, chiffon trim, lace) in the product description and marketing images; use this customer quote as a testimonial."
456,5,1,Dresses,Positive,Fit & Sizing,Praise,Low,Update product page and size guide to note the dress is very stretchy and that a medium can accommodate approx. sizes 4–10; include fit guidance and model/example sizing.
457,5,1,Jackets,Positive,Fit & Sizing,Praise,Low,"Add fit notes to the product page about sleeve length for shorter customers (e.g., 5'3""), highlight cropped fit and suggest petite sizing or simple tailoring options."
458,5,1,Intimate,Positive,Comfort,Praise,Low,Emphasize the cami's comfort and the nicely designed back straps in the product description and marketing.
459,5,1,Tops,Positive,Fit & Sizing,Praise,Low,Update product description to note the higher side slits and recommend pairing with thicker jeans or leggings; add styling tips and accessory suggestions.
460,5,1,Tops,Positive,Fit & Sizing,Praise,Low,"Add size note to product page indicating a medium fit well on a 5'2"", 125 lb customer and highlight lightweight-but-not-too-thin spring suitability."
461,5,1,Dresses,Positive,Fit & Sizing,Return,Medium,"Add a prominent 'runs large - size down' note on the product page, update size chart/measurements, and ease exchanges while monitoring returns for potential pattern adjustment."
462,5,1,Bottoms,Positive,Style & Design,Praise,Low,"Feature these cords in fall marketing (e.g., 'customer favorite') and ensure adequate stock levels."
463,5,1,Dresses,Positive,Fit & Sizing,Praise,Low,Feature this review as a testimonial on the product page to highlight true-to-size fit for petites and include the styling suggestions (black tights/boots).
464,5,1,Bottoms,Positive,Fit & Sizing,Praise,Low,Update product page to note that the jeans run slightly long and have a higher rise; include model height/inseam and use this testimonial in marketing to justify price.
465,5,1,Dresses,Positive,Fit & Sizing,Praise,Low,"Update product description to note true-to-size fit and include model height/hem length; add seasonal styling suggestions (booties, sandals) in merchandising."
466,5,1,Tops,Positive,Fit & Sizing,Praise,Low,"Highlight true-to-size fit and non-see-through, durable fabric in the product description and styling notes."
467,5,1,Tops,Positive,Fit & Sizing,Praise,Low,Update product description to state it fits true to size and note that sizing up offers a different look; highlight multi-color purchases in marketing.
468,5,1,Tops,Neutral,Product Quality,Praise,Medium,"Investigate pilling for this style (review fabric blend and QC), update care instructions, and proactively offer affected customers an exchange/refund or fabric-care tips."
469,5,1,Bottoms,Positive,Product Quality,Return,Medium,Apologize and expedite a replacement; perform a quality inspection on the replacement pair before shipping and notify the customer.
470,5,1,Tops,Positive,Fit & Sizing,Praise,Low,Add a sizing note to the product page stating the sweater runs large and recommend ordering one size down; highlight available colors to encourage repeat purchases.
471,5,1,Bottoms,Positive,Style & Design,Praise,Low,"Highlight skirt-like silhouette, comfort, and year-round versatility in product descriptions and marketing imagery/videos to showcase movement and feminine design."
472,5,1,Dresses,Positive,Style & Design,Praise,Low,Feature this review as a testimonial on the product page and add a styling tip (skinny belt) plus notes on fabric weight and length in the description.
473,5,1,Dresses,Positive,Fit & Sizing,Praise,Low,Add a note on the product page that the armholes run slightly large and suggest sizing down or tailoring; consider updating fit guidance.
474,5,1,Tops,Positive,Product Quality,Praise,Low,"Feature this review as a testimonial highlighting durability and flattering fit; add recommended care instructions (cold wash, delicate, hang to dry) to the product page."
475,5,1,Trend,Negative,Fit & Sizing,Return,Medium,Update product page to state the skirt runs small and has no stretch (recommend sizing up) and add a styling note that pockets can cause untucked tops to flare; consider reviewing waistband fit for future production.
476,5,1,Dresses,Positive,Fit & Sizing,Praise,Low,"Highlight true-to-size fit in product description and include model measurements (size 4 on 5'7"", 130 lb) to help shoppers choose correct size."
477,5,1,Tops,Positive,Style & Design,Praise,Low,"Feature this review in product listings and marketing to highlight the item's chic, versatile design."
478,5,1,Jackets,Positive,Fit & Sizing,Recommendation,Low,Add a fit note on the product page indicating sizing can vary by color/material and recommend sizing up if customers plan to wear thicker layers.
479,5,1,Dresses,Positive,Style & Design,Praise,Low,Feature this dress in marketing using the customer's quote; highlight the peach/green colorway and high-low hemline for date-night/travel occasions.
480,5,1,Dresses,Positive,Fit & Sizing,Praise,Low,"Update product page to clarify fit: note the fabric has no stretch, describe the shift silhouette, and include detailed sizing guidance/model measurements so customers can choose the right size."
481,5,1,Jackets,Positive,Style & Design,Praise,Low,"Feature the jacket's olive color, drapey/soft fabric, and relaxed flattering fit on the product page; add reviewer size info (5'6"", 138 lbs, medium) and styling suggestions in the listing and marketing."
482,5,1,Tops,Positive,Fit & Sizing,Praise,Low,"Update product description to note fit (roomy; customers may size down), include model dimensions and size worn, and mention chiffon yoke opacity so no camisole needed."
483,5,1,Dresses,Positive,Comfort,Praise,Low,"Highlight the dress's comfortable, flattering fit and thicker, shape-retaining material in the product description and marketing (e.g., sale banners)."
484,5,1,Tops,Positive,Style & Design,Praise,Low,Feature this review on the product page and emphasize the embroidery and drape; ensure adequate petite M inventory.
485,5,1,Dresses,Positive,Fit & Sizing,Praise,Low,Add fit guidance noting the dress suits less-curvy body types and include model photos to help shoppers assess fit.
486,5,1,Jackets,Positive,Fit & Sizing,Praise,Low,Update product page/size chart to note that the blazer runs small and recommend ordering one size up.
487,5,1,Tops,Positive,Style & Design,Praise,Low,Feature the pastel colorway in marketing and product descriptions; add styling suggestion to wear a pink tank underneath to showcase the pinks.
488,5,1,Tops,Positive,Product Quality,Praise,Medium,"Have QA test this style for pilling/shedding, update the product page with care/fit notes (recommend layering), and consider fabric/finishing changes to reduce shedding."
489,5,1,Tops,Positive,Style & Design,Praise,Low,"Feature this top in marketing as a vintage-inspired, well-constructed piece (highlight lining and bias trim) and ensure adequate stock levels."
490,5,1,Intimate,Positive,Style & Design,Praise,Low,Update product description and tags to highlight its versatility as a sweater-dress (not just sleepwear) and add styling images/notes showing booties and casual shoes.
491,5,1,Tops,Positive,Fit & Sizing,Praise,Low,Add a 'fits true to size' note on the product page and feature the quote in casual-weekend styling copy.
492,5,1,Dresses,Positive,Fit & Sizing,Praise,Low,Update product description to note the dress has no stretch and runs straight from the shoulder; add sizing guidance and photos on curvier models to help shoppers with curves.
493,5,1,Dresses,Positive,Fit & Sizing,Praise,Low,Add fit note recommending customers size up (runs small) and mention the dress appears slightly more yellow than photos on the product page.
494,5,1,Tops,Positive,Style & Design,Praise,Low,"Feature the sweater's fair‑isle detailing, non‑itchy thick wool, and versatile neutral colors in product descriptions and marketing imagery."
495,5,1,Bottoms,Positive,Comfort,Praise,Low,Feature this style/color in summer marketing and ensure sufficient stock in popular sizes.
496,5,1,Dresses,Positive,Style & Design,Praise,Low,Promote this item in marketing and ensure it stays in stock (restock if low).
497,5,1,Intimate,Positive,Comfort,Praise,Low,"Feature this positive feedback in product descriptions and marketing, highlighting the socks' thickness, comfort, quality, and good value."
498,5,1,Tops,Positive,Fit & Sizing,Praise,Low,Update product description to state it runs true to size and is fitted in the arms but loose in the body; include fit notes and model sizing guidance.
499,5,1,Unknown,Positive,Product Quality,Praise,Low,Highlight durability and care instructions in the product description and marketing.
